还行,13,"とある科学の電磁砲。《禁忌魔术》中短篇《猛射》扩写的长篇，太单薄了。东野说这篇的汤川学是神探伽利略系列中最棒的，“不再只是小说中的棋子，而成为有血有肉的人”，但相反的，我从书中看到的，却是一个连人性都能算计都要算计的可怕的汤川学，一个更加冷冰冰的科学怪物。"

较差,10,我们阿东开始炒冷饭了吗？把《禁忌魔术》中的短篇《猛射》拉长了写。。。

还行,5,其实就是《猛射》，原封不动地。看了才发现又重看了一次。

力荐,5,东野圭吾说这本书里的汤川是整个伽利略系列里最优秀的，我倒觉得是整个系列里情商最上线、最聪明的一次

还行,3,作为扩写还是蛮成功的，本来点子就很赞，只写个短篇浪费了，长篇把相关人员的行为逻辑描写的更充分，以此作为伽利略系列的一个小节点也是很好的

很差,2,这本就是上海译文之前出过的《禁忌的魔术》里的一个稍长一些的中长篇《猛射》，完全没有扩写只是单独提取了出来，才拿到手的《沉默的游行》才是“真”新长篇，骗钱要有个限度！#南海粉转黑# 

还行,0,科技没有善恶，但利用科技的人有。

还行,1,红色封面是短篇，蓝色封面是是短篇中的一篇短篇写成的长篇。

还行,2,这个故事写得太无趣敷衍了

还行,2,还行吧，感觉情节没有其他书那么精彩，更多的是在知道既定真相的前提下追查求证。很喜欢汤川的人设。

还行,1,科学往往会让人自以为能变得强大，但实际上，真正谦卑地使用这种力量，才是科学最可贵的价值。

较差,2,是东野搞鬼还是出版社无耻圈钱？短篇当长篇吹着卖

力荐,1,这本书的主题是传承。一个让东野念念不忘的故事，日本人更能理解的坚持与决绝，与诡计无关。

还行,0,案件真是乏善可陈，酒店意外死亡的梗说实话森村诚一在《人类的天敌》里面早就写过了。感觉东野真的没有办法在案件本身上下功夫，而只能靠卖汤川的人设来推进故事了。

还行,2,非常非常非常平庸的作品

还行,2,好久不见的神探伽利略系列！汤川学的案子。熟悉的多线汇聚的故事，层层递进，非常精彩，三个小时的小书，可以一看~

还行,0,撇开短篇扩成长篇不说，这部感觉很一般，汤川就是我认识的汤川，他的行为就是东野一直描摹的那种个性，没有任何意外，也没有增添任何新的认识

还行,1,汤川教授最感性的一次吧。为了不违背枪支管理法而想出这么理工科的高威力杀人装置也是厉害。

还行,1,"汤川老师体现魅力的一本。"

较差,1,崩溃……东野圭吾你这是怎么了？？？

还行,1,如果不是东野，不会超过2颗星...

还行,0,伦理比悬疑更重要

还行,0,熟悉的东野，熟悉的文字表达，有种亲切感。

还行,0,中规中矩吧

还行,0,某科学的超电磁炮2333 物理社团的人都是什么神仙2333 武器没有错 只是要看是出于什么目的来使用~这个梗感觉好土好无聊（笑）除了汤川老师对自己的后辈格外关照和草薙给副教授买了高级酒这两件事让人印象深刻以外通篇都很平淡……最后议员出轨丑闻见死不救的事情也不了了之了？你们大家还好意思一起去赏花？？

还行,0,看着看着想起来咋回事了。我天

还行,0,并不是一本读起来无法松手的东野圭吾

还行,0,这本一般吧，不过汤川的确很有个人魅力。

推荐,1,去日本滑雪，出门之前吸取了教训，不再带那些在家懒得读以为自己出门就会读的枯燥大部头，买了几本小说，这本是在从仙台到白马的路上读完的，看到140页时候凶手、手法、动机已经昭然若揭，但往后一翻还有100页，微微一笑翻回来接着看坐等反转，然而读完这100页之后，并没有反转，🙂东野圭吾这是在社会派的路上越走越远了。默默的把书留在了火车上静待有缘人。

推荐,0,天才和疯子仅一线之隔

还行,0,应该是汤川系列的最后一部了吧，总算是扫完了。头半部平平淡淡，毫无吸引人之处，可后半部，汤川以老师的身份，在千钧一发之际，宁愿自己下地狱，也要尝试唤醒学生的良知，最终悬崖勒马，冲着这个角度，汤川的人格魅力瞬间高大了！

推荐,0,太单薄了，没有读过作为源头的中篇也觉得完全没有阅读快感。

还行,0,男神很动人

较差,0,#2019年第26本#

还行,1,开篇的章节很好，看似每一篇都独立的短文最后牵出了一个完整的故事，故事情节发展也都可以，文中所述的这段话也点了主题：科学技术并不是只被用于善事，重要的是运用科学技术的人的本心。如果它落入了恶人之手，那便成了禁断的魔术。但是我真的很不满大贺议员最后的结局，做了坏事一点惩罚都没有，虽然这种有大势力的人能够掩盖自己的污点在现实生活很常见，但这毕竟是小说啊，看得我真的很痛心。

还行,0,好像是电视剧《神探伽利略》中的一集，但是内容扩充了。

还行,0,就普普通通吧，离优秀还有点距离，

还行,0,扩写可还行……

还行,0,《禁断的魔术》里的汤川学是神探伽利略系列中最棒的。

较差,0,不咋好看，最后是一目一页看完的

还行,1,我读过？？？是没有，但不如不读，实在不像东野圭吾的水平…汤川和自己爱徒的对决，也实在应该更精彩有水平一点吧…

还行,0,太一般了，东野圭吾的平庸之作。

还行,0,短篇改长篇，但故事感觉没有支撑起来

推荐,0,故事很简单没错，但在zf工作的人读起来确实有不一样的收获。掌握了科学的人就能征服世界？宗教、科学，可能真的没办法共同进步吧

还行,0,看过短篇的就没必要看这个改编了

较差,1,又是畅销君骗钱的一本

还行,0,确实没什么意思

推荐,0,议员问题其实没解决吧，难道就这样放弃了？有点虎头蛇尾的味道

还行,0,2018.12.22 一天三本东野圭吾(￣O￣;)

还行,0,伽利略系列的新书 这本书写的并不好 可汤川学的确是个非常吸引人的人  结尾部分恶人什么事都没有 不免让人觉得泄气啊 

还行,0,汤川真是一个怪物

很差,0,同样是对孩子的救赎，我更喜欢《盛夏的方程式》。虽然伸吾避免了犯罪，但大贺仁策没有得到任何惩罚还是让我耿耿于怀。不知道是不是因为由短篇扩充而成，整体感觉总有点空。

推荐,0,东野圭吾也就那两三部拿得出手了，不明白为什么这么多人喜欢他。

推荐,1,如果有人差点因为他而成为杀人犯，他会多痛苦，又会怎么承担责任呢

还行,0,2019/17 故事依旧讲述的很流畅，一气呵成的阅读快感。汤川的故事涉及到现代科学，也是现代社会要探讨的一大命题，科学是否会对人类带来不好的影响？提出问题，没有圣母般高傲的解答，结局太温情了，有温度的小说。

还行,0,？？让古芝把炮射出去不好吗？？？

力荐,0,其实就是《禁忌魔术》小说集里的最后一篇《猛射》，多线汇聚层层递进的老套路，总体乏善可陈…

还行,0,新经典文库 1323  东野圭吾作品56

还行,0,打发时间的阅读@微信读书

还行,0,马马虎虎，充满了电视剧的质感。

还行,0,73 到底是东野在捣鬼还是出版社？？？

力荐,0,不想给他打低分，我比较喜欢汤川学…感觉自己的知识面有点窄，搞清楚了谁是凶手，却没搞清楚手法…磁轨炮…要去了解下

较差,0,真的很一般啊 

推荐,0,没有惊喜，也没有失望

推荐,0,温暖的故事

推荐,0,在书城翻着 还觉得可以看看， 看到一半真的很一般，不想给星了

推荐,0,其实故事本来真的只值三星，当初的中篇就足够了，但是啊，看到最后我又一次被东野叔的反战思想打动了，所以就加多一星吧

还行,0,这本里的汤川我喜欢！感觉汤川的赎罪与石神的献身也形成了一种呼应，只不过汤川有主角光环，读时就知道最后肯定是圆满结局，震撼也就小了些。

还行,0,推理作家珍惜诡计人之常情，短篇用过的trick觉得不错拣回来用到长篇里也所在多有，只是像这本这样把自己的短篇原封不动扩写成长篇再出版算怎么回事呢？故事本身索然无味，人物刻画也流于平面，如果说这样的汤川才是最好的汤川，那他回到《嫌疑人》《圣女》里去可能根本不会再指认凶手了。伽利略是畅销君畅销的开始，但最近这系列的沉寂，真像是畅销君江郎才尽的影射。

还行,0,短篇改长篇 无甚新意

还行,0,东野君擅长的多线叙事，汤川+物理学原理。阅读体验流畅，有画面感。线索似乎都在汤川这里啊。天台对话的汤川打动了我。

推荐,0,短篇改写，让故事多了不同的角度，读起来比较轻松。

推荐,0,好吧，我忘记该说什么了，这系列以前我看了几本，都说了什么，我真的忘了。。。

还行,0,听说是最新出版的，立马买来看了。看多了发现他破案的套路就这么几个，但忠实读者还是给四星。情节没有新鲜感，但有句话印象很深：只要放弃一次，就会养成放弃的习惯，原本可以解决的问题也会变得无法解决。另祝旁边发烧的盆友赶快好起来（这位盆友昨晚刚看完白夜行，宣布要入坑，结果呢，当头一棒：）

还行,0,18年12月19日阅读，我一直认为汤川过于理智和冷酷，这本书让我认识了不一样的汤川，人就本应该有温度，有温情。

还行,0,微信读书上看的，最后反地雷提升了高度。风格依旧，但还是太简单了。

还行,0,19028 过半之后直接跳的结局倒看。汤川系列的特点就是多数的凶手基本在故事最初就已经或明示或暗示众人，所以比起中短篇，长篇容易觉得冗长。对汤川钢铁直男的印象太深，觉得与其说他“有血有肉”，不如说他只是有自己道德标准而已。

推荐,0,略微小反转

还行,0,我现在看推理小说已经2倍速了么...

还行,0,看了几章觉得很熟悉，再看下评论发现自己以前居然看过，以前是禁忌魔术里的小短篇。

还行,0,希望古芝能有更好的结局。

还行,0,珠玉在前，闲来无事看看吧

还行,0,汤川学感情大流露的一本，却没什么惊喜。

还行,0,好像白开水一样的剧情……读东野圭吾越来越像喝白开水了

还行,0,很无聊的故事，一个磁轨炮的技术，放在短篇里就完全足够了。男主的姐姐竟然不为金钱也不为新闻报道的事业而喜欢上一个油腻老政治家，也不知道东野圭吾是怎么想的…汤川那一股深明大义的样子我觉得真的是太矫情了。

推荐,0,由名字相似的伽利略系列短篇集《禁忌魔术》中的某一篇扩写而成，体现了汤川学的挣扎，以及对于科技善恶的讨论。

较差,0,中规中矩的一本书，前半本多条线同时叙述，有些乱。

还行,0,短篇扩写为长篇。江郎才尽？

推荐,0,这里的汤川 不太熟

还行,0,剧情比较单薄

还行,0,汤川魅力爆表

很差,0,为什么我读的时候一直觉得似曾相识，这个是19年的新作品还是新引进的书？

还行,0,短篇《猛射》润色而成的长篇，希望不要把《禁断魔术》列入伽利略系列。赤果果骗钱！

还行,0,三星半。故事很流畅，比白金数据吸引我。关于科学技术发展和利用的思考也很有意义，高科技成果自然是好的，但倘若被坏人利用，就成了禁断的魔术。所以啊，这世上最可怕的永远是人心。

推荐,0,无感

推荐,0,不错的悬疑小说，不过汤川的推理部分太少了

还行,0,就是个超短篇硬是扩展成长篇的剧情，所以读了五六十页都还在原地踏步的感觉，不论人物还是情绪化都不饱满，只是240多页的故事可以让福山雅治的形象在脑子里再演绎一圈，有满足感，然后，我觉得还是内海薰和汤川更有cp感啊，汤川微笑说“是约会吗”，虽然是开玩笑，其实有好感吧

还行,0,呃…又是虚拟高科技犯罪。没意思。

还行,0,2018阅读的最后一本书。看完似曾相识，翻记录原来14年上海译文已经出过禁忌的魔术，这是短篇《猛射》填充细节改长成长篇。改长之后阅读性依旧流畅，可以一口气读完只是不少情节感觉是为了填充而填充，铺垫太长以至于削弱到结局的高潮的震撼性。汤川作为伸吾的指导学长有很认真地为伸吾的人生考虑与负责，最后我也相信以汤川的性格如果伸吾要求发射他会真的发射。这个故事使得汤川的人情味又上一层楼，人物性格更立体。吐槽一下东野把议员写的也是无可奈何，锅都是他的秘书，所以是间接推崇政客？

较差,0,已经和推理没什么关系了，讲述一个悲惨的罪案故事，抛出一些读者喜欢的社会阴暗的问题，收获美誉和名利，完美的流程

还行,0,emm，短篇扩写，怪不得觉得怎么这么水

还行,0,大家都在说炒冷饭，可我真的很爱这本书里的汤川啊，有血有肉，会感情用事，会无条件信任他的学生，汤川快回来啊

推荐,0,被这样的汤川也圈了粉，冷静理智又有人情味、轴、深信自己学生的人品，尊重他人的选择……有这样的老师、朋友都是一件幸运的事情。掌握了科学的人就会征服世界~

还行,0,很短的一个小故事 中规中矩 比较适合拍剧 一集短小精湛也不需要补足太多的背景知识 汤川老师和学生的物理机械知识算是得到了很好的发挥 

推荐,0,书是不错，可惜是短加长，却没加什么

推荐,0,听书到23%。

较差,0,kindle 嗯，故事是好故事，只是……算了，有的看就好了。

还行,0,短篇《梦射》非要凑成长篇，强弩之末，不够好看。

较差,0,📚 2019 NO.16

还行,0,……不好看，东野圭吾的水准真是时好时坏

较差,0,我就是觉得遗憾罢了。不知道那位幸存者会不会忏悔呢？

还行,0,注水的东野写了一本没尾的小说。

还行,0,好像以前看过一遍呢，故事很熟悉。好吧，难道我又看了一遍？不过，的确是好看，比凑佳苗高出不是一点，无论是人物刻画，还是情节、节奏，都很流畅好看。

推荐,0,（27/220）推理是没有的，最后立意拔高了一下，火车读物again

推荐,0,对于科技到底应该如何让被人类使用，东野大叔借着汤川森瑟已经说得够清楚了，实在是很合适的题材。帝都大学的教授也越来越接地气了，跟草薙也很有戏，哈哈哈。。好期待福山大叔的下一步伽利略影像化作品。

还行,0,书中这些话还挺对的“掌握了科学的人就能征服世界。”“利用科技危害人类、威胁人们的生命安全都是不可原谅的。”和当今的形式还真是对称。

较差,0,小说没有什么诡计，嫌疑人想出来的杀人方式也太玄乎。风格偏向于社会派，倒有几分松本清张作品的味道。总体来说一般般。

还行,0,看了几页发现是禁忌魔术中的短篇扩写，圈钱意图太明显，感觉是被迫二刷了…

还行,0,中段特无聊，要是短篇扩写的就解释通了。开始有点致命魔术的氛围，但是汤川教授一定是会把故事推到科学上去的。结尾古芝爸爸的那段很棒。议员大贺仁策没有受到惩罚，令人不满。

还行,0,6.9分，改写后确实比原版强上一些，但总而言之确实还是一部骗钱之作。超忌魔术只卖30多块，这本接近50，不值。

推荐,0,抛开之前的短篇不谈，但就这篇长篇来说其实可读性很强。汤川在东野老师的笔下逐渐走下神坛，有了喜怒哀乐，有了痛苦悲伤，原来他也和我们一样是食人间烟火的人。远走纽约的汤川老师，希望还会再见！

还行,0,出场人物挺杂 故事也平平

还行,0,一如既往没有善恶报应，推理波折基本平平淡淡，人物塑造还是相对立体的

还行,0,在任何情况下，利用科技危害人类、威胁人们的生命安全都是不可原谅的

推荐,0,感受到了物理知识的重要性！！！！

还行,0,伽利略系列套路已经固化了，因此也少了许多趣味

还行,0,很普通的故事，似曾相识

还行,0,很平常的一本书。对新型科技的态度挺正。

推荐,0,因为不太喜欢福山雅治，电视剧没看过，这也是我看的第一本伽利略系列的书。案子很简单，看来东野是花了更多的力气在汤川这个人身上，不仅充满了智慧和善意，表面冰冷内心温暖。改编成电影应该是一部不错的作品吧！

较差,0,以短改长，无耻至极

较差,0,越来越难看，简单的情节故弄玄虚。

还行,0,一个清浅的小故事，很容易读

推荐,0,三星的故事被东野流畅且高超的多线叙事手法写成了三星半，再加半星给伽利略老师，期待你某天的回归。

还行,0,没啥特别的 就是打发下时间的读物吧

推荐,0,前面稍微有点乱，后面还是很精彩的

还行,0,这本有点水

较差,0,汤川教授系列，不好看。大贺议员最终也没拿他怎样。

还行,0,三星半。伽利略系列基本的水平都在，但可能因为是短篇改编的原因，格局有点小家子气，且汤川的形象最后稍微有点突破过头了，算是微瑕吧。

力荐,0,挺好看的 这次的汤川不同于以往 多了份人情味

还行,0,这个故事真的乏善可陈，没有读推理小说解谜的快感，但是东野故事的立意与对科技作用的反思让人称赞。

推荐,0,人物的对话，抓对方的需求特别准

还行,0,〔1959〕一口气四个小时读完。汤川这次险些因为自己传授磁轨炮的技术给学生申吾而引发复仇杀人案件。最后还是力挽狂澜成功阻止了一起谋杀计划。申吾的姐姐是某科学城开发项目的头头大贺的情妇，因为宫外孕生命垂危，大贺不愿暴露个人隐私而毁了政治生涯选择不管不顾，造成姐姐不治身亡。申吾决心秘密制造磁轨炮复仇。反对科学城项目的自由撰稿人长冈了解到了申吾的计划，想拿此作为威胁逼迫大贺的部下胜田交出更多大贺的劣迹以撰文曝光大众，没想被胜田用领带勒死。在本作中作者想表达的意思或许是“另一个角度说，科学技术确实如此，它并不是只被用于善事，重要的是运用科学技术的人的本心。如果它落入了恶人之手，那便成了禁断的魔术。科学家永远不能遗忘这一点。”

还行,0,短篇改编的啊…

还行,0,关于汤川人格的表扬设置是很有意思没错，一贯讲些虚无大道理也是东野的风格。但是，其他的一切东西，什么电磁炮什么丑闻…完全都弄不懂。

还行,0,没有本格派的精妙也没有社会派的人文，夹在两者之间反而呈现出一种很感性的叙事。但既然如此，对人物挖掘尚不够深，作为一个中篇的加长版，似乎依旧不完全……P.S. 千万别跟汤川学扯上关系，他的熟人总是会犯事，之前校友老师这次又是学生……这算是啥体质……

还行,0,只要有汤川教授就喜欢，永远这么给人正能量和温暖。科技本身并无错，错的是人心。

还行,0,掌握科学就掌握世界了么？最后还不是输给了人心……

推荐,0,"这是汤川教授系列，汤川指导了一个高中生古知研制了一个电磁发射器。


古知考取大学后，发现相依为命的姐姐作为议员的情妇意外去世时，因为议员没有及时相救而去世，所以古知放弃学业专心研制电磁炮，打算杀死议员。


因为实验电磁炮，期间发生一些奇怪的事情，总是有不明爆炸事件，有个记者得知了古知杀人计划和议员的丑闻，打算报道时，记者被杀死了。


汤川和警察多方了解，终于明白了古知的计划，汤川及时赶到现场，劝服了古知放弃。

"

力荐,0,科技没错，错的是人性

还行,0,汤老师最像正常人的一部

推荐,0,终于又再次看到男神汤川学了

推荐,0,有种兜了一大圈又回去的感觉。

还行,0,好久不见，汤川老师。

还行,0,"我好喜欢汤川这个物理老师呀啊啊啊啊
感觉在东野圭吾心目中这种科学家的地位好高大呀"

推荐,0,汤川老师是主角了

还行,0,非常平鋪直敘的一個小故事了⋯⋯倒是適合改編成劇場版

还行,0,东野圭吾真的是最佳飞机读物

还行,0,三星-。短篇改长篇，科学谜题无进步，增加人性化戏份。未见突破，只好说平平。汤川原本理性为主不近人性的特点似乎消失了。

还行,0,东野的书最喜欢的系列是加贺探案系列，最讨厌的就是汤川学系列，可能是我偏重于物理学的噱头反而在破案方面弱化了太多。东野近几年对先进技术破坏环境或者大自然这一方面好像浓墨重彩较多，还是比较想看推理侦探类的文呀！

推荐,0,“所谓放弃，应该是那些上了年纪的人做的事，世界上没有你们这些年轻人无法理解的事。只要放弃一次，就会滋生放弃的习性，原本可以解决的问题也会变得无法解决。”这句话好喜欢。有科学才有未来的理念也好喜欢

还行,0,结尾很棒！前面嘛……一般般啊……

还行,0,东野的作品基本都看完了，不能说每一本都喜欢，但绝大多数是符合自己的审美的。这部《禁断的魔术》看的时候觉得还行，有东野一贯的风格，但是这次的故事有点过于简单了！

还行,0,影视化的话，可找北村匠海演古芝伸吾

推荐,0,汤川老师真的是一个温柔的人啊

还行,0,注水系列。

推荐,0,神探伽利略系列，基本上就是各种物理学原理了，但能写出这么多花样来也是功力。

还行,0,"神探伽利略，汤川系列。这篇总觉得之前看过很类似的短篇，也是东野圭吾的。所以就没有那么惊艳。
#2020SZnTong读书计划# 
"

较差,0,哎…

推荐,0,短篇《高射》扩成中长篇《禁断的魔术》，不管在哪里看到汤川两个字，脑海里立刻浮现的就是福山雅治的脸～虽然也想看到伸吾报仇雪恨，但当汤川出现时，还是松了一口气，毕竟伸吾还有大好岁月，不必为人渣毁了自己的一生，汤川爱护伸吾，用尽方法阻止他，伸吾为了所爱的姐姐也义无反顾，不能报仇的话会很愧疚吧，坚持到底的执念，如果对了，是一种美好，如果错了，是一种悲哀，孰对孰错，谁能分得清楚？不怕科学家发明东西，就怕发明出来的东西被魔鬼利用，就是这本书的主题了，东叔更想表达的应该就是离开的人一路走好，留下的人继续好好生活。

较差,0,不好看

推荐,0,凡有汤川必有科学，都说看到了一个有血有肉的汤川，我倒看出了别的，见死不救的政客，以及不追求真相的媒体。与其说看到了不一样的汤川，不如说读到了现实版的《白金数据》

还行,0,据说是早年《禁忌魔术》中一个短篇的扩写，但我对当时读过的这个短篇毫无印象，可见本身并没有什么扩写的价值。东野的高产我是佩服的，但这篇冷饭炒得有点莫名其妙。

还行,0,2012年出版。《虚像小丑》中的短篇扩成的长篇，探讨科技如果被用于作恶。东野认为这是伽利略系列中最棒的，成为了有血有肉的人，但我反倒是觉得《盛夏方程式》里的汤川比这部要更有感情。

力荐,0,"love and peace。故事有点在高潮戛然而止的样子。东野叔的一贯套路，多线叙事渐渐汇合，最终达到高潮。不过整体不错，感觉比之前看的《悲剧人偶》要好一点。
20190226看过，微信读书。"

较差,0,即使没读过之前的短篇我也觉得很一般

推荐,0,去看东野圭吾原著改编的音乐剧《信》之前，在言几又消磨时间，随手抓的一本没读过的，匆忙翻完了。难得汤川教授在案发前就已经“介入”的一宗“案子”哎，看书时会自动代入福山雅治柴崎幸北村一辉了。男主帝都大学浸一浸三观再矫一矫可以当伽利略二代了。

还行,0,算是系列里比较差的

还行,0,汤川系列。掌握科学的人就能征服世界，错。“科学技术并不是只被用于善事，重要的是运用科学技术的人的本心，如果它落入了恶人之手，那便成了禁断的魔术。”本书的核心吧。习惯了东大叔的风格，每一章跳来跳去，最后把前因后果串起来，有时候看的人很抓狂啊。这个应该是汤川系列最新作吧，感觉没《嫌疑人》和《盛夏方程式》好看呢。

较差,0,第一次出现推理小说读不下去的情况，前几章一下子抛出了二十来个人物，有病啊。听说这是短篇小说扩写？那我只想看那个短篇啊。【只要放弃一次，就会滋生放弃的习性，原本可以解决的问题也会变得无法解决。】

推荐,0,那句“汤川系列最好的一部”真的是本人说的吗，如果是这样的话，东野桑为了畅销还真的什么都干得出来啊

还行,0,只能说是一般

力荐,0,1、没读过《禁忌魔术》，所以没读过《猛射》(本书由这个短篇改编)，不过之后会补下这本短篇集《禁忌魔术》。2、故事最后东野三观暴正，真想at下刚退出中导条约的川普这段关于科技和武器的论述，不过他应该看不懂，即使语言通他也看不懂，我是这么认为的。(世界第一是不是都四处挑事儿？希望有生之年能看到个不挑事儿的世界第一。)3、胡诌开始:福山雅治的汤川学深入我心，看着书就脑补他画面，稍微有点面瘫，不过看上去就很聪明的样子，相信他18岁时没现在吸引人，有人会这样，青春时没有初老时惊艳。昨天看到别人分享一视频，姓忘了名草太的法学系教授，静止惊艳，动态一般，肯定不比福山雅治，但是实打实还秀色可餐的教授啊。

推荐,0,短篇小说集的扩充。有点偷懒，但是汤川教授的形象更加高大

还行,0,汤川在这本里好像沾染了人情味，什么样的缘分能让大神豁出去自己的前途去保护呢。

较差,0,乏味的一本，直接送去多抓鱼

推荐,0,昨天晚上

还行,0,案情和剧情一般般，太简单了。伸吾和秋穗的人设是唯一的小亮点。

还行,0,在汤川系列中算是比较差的吧

较差,0,中规中矩的小故事，起伏不大，没有意外转折，没有大奸大恶，没有情感纠葛，不像以前看过的汤川学了，不是印象中的那个“侦探伽利略”了，和以前的那些经典故事没法相提并论。开篇第一章提到的“大巴、外国游客、行李箱”肯定指的是中国游客吧，毕竟最近这些年赴日旅游一直是中国大陆游客出境游的首选目的地，出去的人多了，素质参差不齐，未必都能让日本人民欢迎，会有抱怨也是正常的，要想普遍提升中国人的整体素质特别是道德素质，没有一两代人的努力是不可能实现的。

推荐,0,哈哈哈哈哈哈，不好看。

较差,0,"禁断的魔术

古芝 伸吾

由里奈 女儿
达夫 父亲

长冈 修 38
渡边 清美
胜田 干生 蘑菇料理
米村 书店老板，都市杂志发行
大贺 仁策 议员
鹈饲 和朗

警察
岸谷
草薙
宫间
内海 薰

悟
美嘉"

较差,0,？？？？？

还行,0,你妹！还说是神探伽利略最有魅力的一本！你出来我不打死你！

推荐,0,汤川令人敬佩

还行,0,2019.04.08-04.10 No.13

还行,0,简单一本书看了好久 看的人困马乏

推荐,0,汤川老师真的是一个好老师。掌握科学就能征服世界，这种思想是有危险性的。

推荐,0,这本书应该是伽利略系列的完结之作吧，故事还是挺有意思的，离不开东野圭吾擅长的人性探讨，希望伽利略系列可以继续下去吧。

还行,0,以为出了本汤川的新故事，可越看越觉得怎么似曾相识。这不是炒冷饭嘛，扩写要能出一本书的话，未来几年那些短篇集都等着翻新，东野也就更不缺滑雪钱了。

推荐,0,汤川这本好好看，他的性格更加丰满了

还行,0,大概只能算伽利略系列的一个小篇章，独立出书的话完全不够格，出版社是想钱想疯了吗？！

还行,0,说是扩写，我第一个想到的是另一个故事。可惜猜错！

还行,0,三星有余，四星不足吧，汤川教授以其责任感和担当再圈一波粉。以严苛一点的角度来说，整个故事透着一种校园YY的幼稚，无论是男孩和千金的暧昧，姐姐和政治家的婚外情，还是反动派的瓦解，记者被干掉的真相，只能说明大叔真的笔力不逮啊。故事相当的浅显，笔法更谈不上老辣。全书最惊艳的大概是大秘吧。

推荐,0,一口气看完的感觉真不错，虽然比较平淡缺乏让人耳目一新的感觉，但对于人情感的内容增加也弥补了一些缺陷。一样的行文套路，整体架构略散。

推荐,0,科学如果用来杀人 就违背了初心

还行,0,看到最后竟然觉得大贺仁策这人挺好笑的，他秘书是真冷血啊。

还行,0,熟悉的叙述方式，汤川学宛若圣人。

还行,0,东野老师也太会写简介了：“我敢断言，在《禁断的魔术》里登场的汤川学是神探伽利略系列中最棒的。《嫌疑人X的献身》后，他不再只是小说中的棋子，而成为有血有肉的‘人’。” 哇靠不买还是人吗

还行,0,汤川学真是太帅了

推荐,0,"立意很好，提醒人们反思科学真正的意义——但是光我们这些屁民反思应该没什么卵用。缺点就是，没什么推理，而且说教意味很重啊…这就让人觉得有些生硬了，简直像是语文考试的阅读理解一样（白金数据也是）
2019/319 最近看了横沟正史的几本书，再回头看这本，突然觉得不管是人物形象还是故事剧情都很单薄，比如男主的姐姐到底是个什么样的人？在弟弟眼中十分贤惠的她为什么愿意和年纪那么大的议员发展不正当关系？是出于喜欢？还是相互利用？完全不明白啊…人物形象可不是用几句话就能完全立起来的啊"

还行,0,高端的武器一旦落入错误的人手中，对于全人类来说都是场灾难。

还行,0,伽利略系列除了嫌疑人X的献身之外，好像没有特别出彩的，这部也是。试图把城市改造为科学之城的议员，很好猜的婚外恋关系，以及宫外孕的死因，聪明好学的弟弟为姊报仇，汤川作为男主的校友兼指导老师，间接成为少年制造杀人武器的帮手。

力荐,0,"当一个姓名所代表的不再是一个人，很多东西便无法自主，而大发展的车轮也不会因为一个人而停滞。个人的感情成了不得不割舍的东西。所谓对错，立场不同便会有截然不同的论断。
从这个故事开始由衷的钦佩汤川老师。以前只崇敬他的聪明才智，这次却看到了他作为一个人的感性，和作为一个好的老师的责任感。如果仅仅只是传授科学知识，却不去教导学生利用科学的正道，是不能算作一名合格的老师的。
为防剧透，不写了。是值得一看的好故事。
"

力荐,1,从《嫌疑人X的献身》到《盛夏方程式》再到《禁断的魔术》，一向理智的“神探伽利略”汤川学一步步成长起来，曾经他只执着于真相大白，但冷眼旁观那么多故事皆因情所起，他在破解奇案的同时，渐渐有了人情味，开始慢慢学会去感受这世间的人情冷暖。

还行,0,相对于汤川，更喜欢草薙。或许就是喜欢那一点儿人情味儿吧。只是内海薰出场后，草薙被弱化了不少。。。

较差,0,没有什么新意的主题，毫无悬念的推理

推荐,0,东野就是写故事的能手，无论什么题材，只要他写起来就不会不好看，画面感总是很强，让人想继续读下去。本书猜到了凶手！

还行,0,东野圭吾小说越看越多 发现相连相通的地方也越来越多  早已没有了最早接触时的感叹惊呼 过大的产量好像限制了品质的发挥

还行,0,还可以。只有汤川老师还可以。

还行,0,如果说本书的主旨对伽利略系列中的汤川，赋予更多人性化的特点，让人物形象更丰满，确实呈现了相应的效果。但是从情节来说，过于简单，是达不到正常推理小说的程度的，甚至连悬念都没怎么设置。而除汤川外的其他角色，古芝姐弟、长岗、蘑菇餐厅老板，都写的很平面，大贺反而是相对丰满的。短篇还是保持短篇的特色即可，强行拉长，还真是撑不起来呢。

还行,0,"来自81页的马克，战后，我们的国家变得一无所有。想要得到什么，就必须靠自己的双手去生产。不管是电视机、还是轿车、进口货太贵，我们额买不起，因为我们要制造百姓买得起的东西。现在我们什么都有了，各位可以去问问现在的年轻人想要什么，无非就是新款手机或者偶像签名一类，这样一来便无法再继续创造。
我们现在的年轻人最缺什么？前两天看2018年年度报告，似乎不要婚姻孩子和房子可以解决一大半的忧虑。我们的年轻人最想要什么？为了将来我们必须要做什么？这真的是值得思考的。"

还行,0,看到了男神性格更像人的一面

推荐,0,＂所谓的放弃，应该是那些上了年纪的人所做的事，世界上没有你们这些年轻人无法理解的事。只要放弃一次，就会滋生放弃的习性，原本可以解决的问题也会变得无法解决。＂汤川不厌其烦的为他讲解。

较差,0,老实说，很失望。很一般

力荐,0,鹈饲不是好东西…由里奈太蠢…秋穗跟大贺是自愿的…最后汤川拯救了申吾，大贺连丑闻被揭穿的惩罚都没有。书很无聊。

推荐,0,科学如果不合理运用，就会成为邪恶的魔术。

推荐,0,汤川老师不是那个汤川老师了呢

还行,0,这结局，让我很纠结，应该一炮打中大贺才对啊？就这么让人衰男活下去了？还继续他的破坏大自然计划。实在是让人抑郁！

还行,0,感觉汤川的人设变了。以前的伽利略系列的书中，他一直给我一种怀疑主义者的味道。他最喜欢的是一定要看到证据才能证明推理的观点。然而在本篇中，他用了肯定，绝对的词去说自己的弟子不会犯罪，让我有些奇怪的感觉。东野想要写一个更有人情味，更感性的形象，完全可以用加贺来作为主角，而不是更理性更冰冷的汤川。

还行,0,飞机上看完这本书，东野圭吾的特点是小故事来交待一个一个的相关人物，最后都会交代出人物之间的关系，最后的结局并有没有恶人得到惩罚，却让善良的心中的恶得到释怀。

还行,0,有点加贺恭一郎的味道

推荐,0,2019年读的第一本纸质书

推荐,0,最后汤川作为老师，让人很感动。其他地方，平平无奇

还行,0,有些细节和内容多余，其实可以缩减到180页左右

推荐,0,"神探伽利略系列九。根据2012年出版短篇作品《猛射》改编。
“从另一个角度说，科学技术确实如此，它并不是只被用于善事，重要的是运用科学技术的人的本心。如果它落入了恶人之手，那便成了禁断的魔术。”
一个记者死了。他死之前来找过汤川教授。
一个学生失踪了。他曾是汤川教授教过的学生。
一个科学新城的计划，请来了汤川教授到聚会。
草薙这次发现，汤川似乎在隐藏着什么……"

推荐,0,有点不符合以往汤川的人设……不过还是可以一读

推荐,0,觉得道具有点眼熟，原来以前用过啊。emmm撑一本长篇说不上水，有些单薄。另外这只汤川学游离在正义边缘更带感了www

推荐,0,想法很有趣～现实有点无奈 想知道伸吾和大贺的最终归宿～

还行,0,12年《禁断の魔術》的第四篇短篇「猛射つ」的再版

很差,0,害 我发现南海出的书都不太行啊

推荐,0,大概是因为看的第一本伽利略小说，故事虽然简单但并不感到失望。是很暖心的作品。可以取个副标题——老师的品格。这个才是此书重点。

还行,0,看过曾经的《猛射》再看这本书，一点吸引力都没有。但没看过的朋友读者应该还可以。

推荐,0,基本上保留了东老师一贯的水准和风格。高智商犯罪最近反复出现在他的作品中。印证了“就怕流氓有文化”。当然，200多页的篇幅，正好适合一次国内的飞行。

推荐,0,用了两天读完，字比较少，情节嘛，就那样。长冈之死，姐姐之死，古芝伸吾磁轨炮，三条线。汤川有点打酱油啊。结局意料之中。

推荐,0,普普通通

推荐,0,"东野圭吾，江河日下呀～
赤峰 飞呼市@kindle"

还行,0,比较中规中矩的本格推理吧。政治家渣男牵扯出的一系列案件，虽说他不是凶手，但是却是因为他害死了两个人，还使得一个科学天才少年误入歧途。汤川老师真心不一样了，人性关怀多了一点，但还没有到加贺那种放荡不羁的真我。倒是物理学加上了窥心术有点可怕的感觉。

较差,0,无聊程度堪比疾风系列，就算我是煮饭的时候听的，也难忍其索然无味。

推荐,0,"汤川老师太有魅力 东野君这一次一如既往展现了人性中的温情 但议员没受到惩罚真是让人愤愤不平 不过也许这也是现实性的一部分

最后 我认为汤川应该会发射

"

还行,0,平庸点

还行,0,科技的力量，能够征服世界但一旦落入恶人之手，便成为禁断的魔术。

推荐,0,东野圭吾笔下的嫌疑人，总是出于爱而犯罪。😭太难过了…😫【汤川学】

力荐,0,短篇小说的扩写  因为先看过短篇 所以小说的场景跳跃 多条线描写都还是可以流畅阅读  原本以为扩写是很滥竽充数 本身也并没有很喜爱这一篇 但是读完后觉得这一部内心和情感描写的很强  对于这样的小说总是很难抉择  想让那个孩子爽快点发射去报复  又觉得汤川老师会太过于痛苦  汤川老师的周围 总有他重视的人犯了杀人罪 这一次他护住了  相信和理解并且挽救自己的学生  尽管最后对于那些丑恶嘴脸的议员没有任何报复非常遗憾 

还行,0,情节铺垫还行 最后结尾太过煽情显得牵强 汤川学的人物塑造比较成功

力荐,0,科技好与坏，取决于使用者吧，最初科技发明的初衷，是为服务于人，科技无罪，有罪的是使用的人。汤川授人以渔，没想到后续竟差点成为学生的杀人的工具，一场复仇与救赎的赛跑。而另一方面，政者的利益，放任一条人命平白消逝，信念不坚定，为人抓住把柄，万劫不复啊。人性，做人的道理，不只有情节。亲情，友情，爱情，理性，冲动，金钱，权利，环境，效益……

还行,0,"用罪恶回报罪恶，是这个世上最可怕的恶，唯有相信法治与原谅，才能让世界更美一点。
故事没什么新意，但这也是最正常的犯罪故事吧。科技让生活更好，但也带来无穷的后患。"

较差,0,没意思

还行,0,短篇改编成长篇，没啥好评论的

还行,0,最后，汤川也在走向加贺一样，每个人终其一身都是在逃离自身经历

推荐,0,故事整体不能和《嫌疑人X的献身》比肩，希望改编成影视的效果会好一点；边看书边脑补福山雅治饰演汤川学的画面感。

还行,0,说实话对汤川感受不深

还行,0,长岗修要想知道古之秋穗死了的这件事不用一定要问别人吧？

推荐,0,神探伽利略系列情商最高的汤川

还行,0,无趣的紧

还行,0,惊喜是又是汤川学呀，脑海中浮现额福山雅治的脸~可是不喜欢题材啊，又是酒店又是物理这种……

力荐,0,嫌疑人没让我转汤川粉，禁断的魔术让我粉他了。

较差,0,感觉很烂 乱七八糟 和解忧差不多的形式 可是逻辑很乱 

还行,0,那个政治家是个败笔啊

还行,0,三个小时看完了，觉得没有那么惊艳和惊喜吧。

还行,0,"我不知道东野圭吾是怎么了，因为《嫌疑人》我想一定是更深层次的了解汤川学吧。
结局就好像有人催促他：“快呀！字数到了，您快交稿吧！”于是就随便糊弄了几下成为了一本书。
看到中段时，我是希望古芝已经死了，长冈是Boss的双面间谍，看汤川最后的作为，甚至希望他有一些反转。
我不是作者，也无法成为畅销书的作者，但因为看过他的巅峰，他可以有写的非常烂的书，但如果每挑一本新的都这样让人失望，我宁愿结局时那释然的放松，不如放在青春校园里吧。
"

还行,0,很清晰的路线，感觉整个篇幅没有什么特别的地方，最大的亮点是汤川拥有控制权的那段吧

还行,0,科技就是禁断的魔术，老生常谈，一把双刃剑，如何使用取决于人。

还行,0,流水线产品

力荐,0,"虽然一开头就料到了结尾，案件本身也并没有什么精巧。
但是却是最近几年来难得的一部看完哭的稀里哗啦的东叔的作品了。
不管是卖汤川的人设还是怎样，全程汤川都卸下理性（继石神之后又一个让汤川感到痛苦到逃避的人）。
而结局「法不敌权」，正义又一次败给了邪恶。该受到惩罚的人纹丝不动，如同《仿徨之刃》，就算心中愤恨难平，也许这就是无奈的现实。在绝对的权力面前，普通人只能被动承担命运无情的捉弄。"

还行,0,李宗霖之前在微博发过这本书的图片，这个故事让我想起了之前看的重力小丑，会更喜欢那个故事一点。这应该是我看的东野圭吾的第一本书，也有点想看他其他的书。

还行,0,哦我想掐死某人……

推荐,0,"老套但有效。最触动我的有两点∶
1.少年少女（通常少年或者少女是天才）共有罪行的绝望的爱，无论是这个还是拉普拉斯的魔女，就莫名的戳。
2.作为旁观者或者见证者的“侦探”汤川学第一次有了这么深刻的参与感。巧合的是，这学期的剧本写作课老师也提出了这个问题，希望建立“侦探”与案件中当事人的联系。最后一章加深了我对他的爱。
东野的小说一直在叙事结构和人物关系建立上对我很有启发，议员和情人的秘密恋情这一段好适合被改编到古代宫廷小说（可能是我同时在看万历十五年万历和郑贵妃的缘故）。"

还行,0,由一个小短篇扩张而来的中长篇，汤川教授又出来了

还行,0,故事诉说的很平和，有些地方的推进其实靠的不是严谨的推理，而是新增的证据，整体还是以人性为出发点的案件，这本书写得有点柯南的意思

还行,0,结尾的对决，额，感觉稍微有点崩人设了

推荐,0,"这是个相对温暖治愈得推理故事，仇恨像种子，会在心里生根发芽，并枝繁叶茂，可是，人生中并不是只有仇恨这一种情感，那些温馨的，甜蜜的美好画面难道真的可以当作没有发生过一样吗？当然不能。人生短短数十载的光阴，总会有做错事的时候，也总会有忏悔的时候，其实内心的自责比惩罚来的更令人刻骨。
佛家说放下仇恨是解脱，我更觉得，放下仇恨是一种重新开始生活的勇气。
最后，汤川真的是太帅了！"

推荐,0,本来想给三星，因为受害人“约见凶手并说出真相”的行为怎么想都很牵强，明明可以更巧妙的。加一星是最后汤川老师的选择，这一本真的很像X呀，然后结尾情绪上的冲击也确实达到了X和圣女的高度，反正我很喜欢。（另外关于这个谁的死，我觉得不能完全怪那个谁，这样的结果也算是这个谁自己的选择，这种处理方式是他们约定好的，虽然过于冷血，但站在那个谁的立场也不是完全不能理解。）括号中为纯理性分析🙄

力荐,0,地雷和核武器同为科学家所制造的最低劣，最邪恶的东西……

力荐,0,那个大贺部长就是逢场做戏，不是爱古芝，作者花了那么多笔墨也不过是掩饰，不值得古芝。其实看的时候内心很想让伸吾完成复仇。

较差,0,相比作者的其他几部优秀的，这个挺一般的。而且我觉得那个杀死自由撰稿人的凶手不是很合理，相当一般了。

力荐,0,私以为是读过的十几本东野圭吾里比较贴近现实的一本，故事手法固然老套，但是人物比较真实，比起圣女的救济，恶意等几篇更贴近现实。不管是物理学家，高中生，议员，死者，凶手，做事的动机至少我觉得是很真实的。

还行,0,这本书是禁忌魔术里的最后一篇《猛射》拿出来重新展开写的……内容不说 单就这种行为真是让粉丝伤心啊

还行,0,迷上汤川了……

较差,0,中规中矩，坏人没得到惩罚，生气。和嫌疑人根本没法比

还行,0,对大叔只剩下情怀了。。。

还行,0,果然是《猛射》改编的。个人认为，汤川作为科学家，人物形象有些缺乏变化，所以他的系列里故事的发展都比较容易预测。相比之下，加贺系列就要丰富许多。

还行,0,这一本故事性不是很强！

较差,0,应该给两星半，感觉东野圭吾比较失望的一部作品，没有什么悬疑的气氛，只剩下空洞的世界观，整体感觉很尴尬，结尾也不是很理想，没被惩罚的恶人，没有后续的人物交代，总之有点失望，这次就不推荐了吧！

较差,0,这本书……也太水了吧😂

推荐,0,三星半，最后结局让人实在是唏嘘，政治家也不过是被人操控的木偶，但是从某一刻开始，他成为了真正的“政治家”。              “科学技术确实如此，它并不是被用于善事，重要的是运用科学技术的人的本心。如果它落入恶人之手，那便成了禁断的魔术。科学家永远不能遗忘这一点。”

推荐,0,多了一份人性与温暖的汤川，故事中推理并不占主导地位，反而是关于科学的伦理辩解值得思考。庆幸的是结局还算温暖。

还行,0,不太行。

推荐,0,这本竟然是新书？！纳尼

推荐,0,高科技如果落入坏人的手里，就会变成禁断的魔术………

很差,0,好做作，汤川给我的感觉是心机很深，表面大义凛然的样子，可还不是因为这是你了解的学生，利用了他的善良，且最后大臣还是那个大臣，姐姐死的一点意义都没有，加上又并非本格推理，所以作品的意义在哪里？只是为了塑造汤川这个人物吗？本作的目的实在是混乱不堪，同样的时间十分十分不推荐花在这本上。

还行,0,"科学的中立性，用在好的地方即可为人类造福，用在坏的地方就能为人类带来灾难。
"

推荐,0,虽然有炒冷饭的嫌疑，但是不失为一个精彩的故事。整个汤川系列看下来，最好的当然是情节，最弱的是主角的塑造。有些故事里的反派其实写的相当出彩，也能让人理解甚至同情他们的境遇和作为。做为主角的汤川反而塑造的有些平面化。

还行,0,东野现在写小说大概都考虑要影视化了吧，一部书里，离奇的死亡、政治腐败、婚外情、少男少女的爱恋、高科技、环保主义等等等，什么都有，就是没有了精妙的探案了。

还行,0,"1. 掌握科学的人就能拥有世界，真的吗，可我的世界就是让我珍惜的人幸福，科学的进步固然重要，但与追求相违背时，我会毫不犹豫的选择幸福。

2. 权势的人注定选择了孤独的道路，最终会放弃所有的弃子，去构建自己的王国，王国内寒冷而孤独。"

还行,0,平平无奇…为了汤川看的，太失望了

还行,0,到时对于汤川对于古芝的师生情影响比较深刻，所有架构前面都交代的差不多了。

力荐,0,非常不错，天才的犯罪，更让人难以接受。

较差,0,"作为东叔的小说来说简直糟糕透顶，不知一零年是不是日本政治出了问题，前有白金数据后有禁断魔术，都在揭露高层丑恶的嘴脸
之所以糟糕或许本书的目的就仅仅是为“沉默的游行”作出铺垫吧，总不能说高明在凶手是一个毫无存在感的人的这点上吧。说本书的汤川是最好的汤川我是反对的，本就没有真正的恶和真正的善，书里面或多或少展现了汤川非理性的面，这也正是我们能在“沉默的游行”里看到完全不一样的汤川的原因。
结尾汤川出国预测很快就能见面却让草薙和我们足足等了6年，这6年的沉淀汤川已从副教授晋升教授，东叔笔下的伽利略渐渐变得立体！"

还行,0,"汤川越来越bking了
他对古芝伸吾是真爱了吧"

还行,0,略失望，汤川的形象更饱满了，但就作品本身而言，落笔有些清浅无力，仿佛在写作中途生硬得换了靶子。

推荐,0,汤川教授么么哒。

较差,0,这本已经不是推理小说了，内容也比较无聊，读后有点失望。

还行,0,失望~

还行,0,比较平稳的故事。案件不重要，主要表现的是汤川对学弟的爱护，对科学爱好、科学研究的态度。除了研究在行，汤川对人性的解读也是准确的。内海薰仍旧是汤川的好搭档。

推荐,0,对于无理一窍不通的我，也还是被汤川的人格魅力所折服

还行,0,一直在炒冷饭的感觉

还行,0,小故事

还行,0,一般吧，说不上好坏

推荐,0,凶手太单薄了，最后汤川和古芝的对话，居然看哭了？？？

较差,0,相当一般

还行,0,一般了

推荐,0,质量尚可

还行,0,最近的书封面都很好看啊，但是剧情……汤川老师挺帅的

还行,0,原来是个反战题材？？？

还行,0,呃，这个，东野圭吾是退步了吗？

还行,0,没有反转，并无惊艳之处~

推荐,0,怎么说，感觉都摸透了

还行,0,去朋友家附近书店偶然看到的书，两个小时粗略的读过，难得的东野圭吾笔下，早被圈定的报复对象会顺利幸免。但也可能正因为如此，使得这篇小说没有其他那些经典吧。譬如圣女的救赎，譬如虚无的十字架，等等

还行,0,又臭又长

还行,0,忘了以前在哪看过这本书，竟然又买了一次！还是那个物理学家帮助警察破案。一个物理高材生帮姐姐复仇的故事

还行,0,只要放弃一次，就会滋生放弃的习性，原本可以解决的问题也会变的无法解决。

较差,0,虽然不太记得短篇的内容，但这本能读出来是在刻意注水，否则无法解释为什么故事如此平淡乏味。

还行,0,       科学技术被运用于恶人之手，便成了禁断的魔术。汤川在这这个故事里更像一个有血有肉肉的人物，而不再只是那个天才的科学家。

力荐,0,真的好看 一直不喜欢伽利略系列 这本有get到汤川的点 在飞机上一口气看完 偷偷掉了点眼泪 喜欢 真喜欢。

推荐,0,太过心疼姐姐了，难受失眠

还行,0,略有彷徨之刃的感觉

还行,0,汤川教授就很有代入感啊，所以觉得这本故事书就很好玩。但是故事展开也太粗糙了吧。好多后事也没有交代，看得比较难受

力荐,0,科技一旦落入心怀不轨的人之手，那便成了禁断的魔术。

很差,0,失望

还行,0,说实话有点失望的，虽然认可作者笔下的人性，但还是少了很多推理小说的悬疑和精彩

推荐,0,“所谓放弃，应该是那些上了年纪的人做的事，世界上没有你们这些年轻人无法理解的事。只要放弃一次，就会滋生放弃的习性，原本可以解决的问题也会变得无法解决。”（《禁断的魔术》）很多人说这本书的结尾有点不好：恶人继续，生活回到原轨。但是人生的真相也就是在此，我们做不到从头到尾的坚持，无论是好事或是坏事。恶人总是会继续活着。希望我能够成为汤川学那样看清了生活的真相却依旧热爱生活的人。

还行,0,有汤川的都让我觉得无聊，可能我理科太差了8

还行,0,"还行吧
"

推荐,0,"从另一个角度说，科学技术确实如此，他并不是只被用于善事，重要的是运用科学技术的人的本心，如果它落入了恶人之手，那便成了禁断的魔术，科学家永远不能遗忘这一点。
2019.8.27"

还行,0,推理有点过于简单。

力荐,0,很喜欢作者对议员人设的处理，不是个冷血的政治家

还行,0,之所以说“《禁断的魔术》里的汤川学是神探伽利略系列中最棒的”，可能是因为他在此次案件中的尴尬处境？...案件揭晓的一刻还是有点震撼的，再一次跪倒在东野大叔笔下庞大又精妙的人物关系前。       “所谓放弃，应该是那些上了年纪的人做的事，世界上没有你们这些年轻人无法理解的事。只要放弃一次，就会滋生放弃的习性，原本可以解决的问题也会变得无法解决。” （汤川学，pp.12-13）//       “从另一个角度说，科学技术确实如此，它并不是只被用于善事，重要的是运用科学技术的人的本心。如果它落入了恶人之手，那便成了禁断的魔术。科学家永远不能遗忘这一点。”（汤川学，p. 149）

还行,0,故事并没有很复杂，但结果还算尽如人意。只是生活啊，大多不尽如人意，主人公估计正在慢慢接受自己的遭遇，唉……

推荐,0,每次都会被汤川学迷住，我喜欢他安静、沉稳、专业的学者形象。

还行,0,"感觉着实不比之前东野的书更深入和富有令人着迷的感觉了 不过还是支持东野
"

推荐,0,杀人犯都是被逼出来的

很差,0,好差的书，逻辑都不通顺

推荐,0,应该是把《禁忌魔术》里的短篇“猛射”丰富润色作为长篇发表了，使故事里的每个角色更加丰满，虽然东野圭吾这几年的新作都不尽人意，但汤川系列和加贺系列还是在水平线上的，希望这两个系列能保持住吧。

还行,0,"汤川教授还是在里面举足轻重的角色
一如既往东野圭吾风格
有教育意义结合的案件。"

推荐,0,记得有人说，如果一本书里有让你感动的东西那它就是本好书。理科生的自己真的有被里面对于科学的阐述感动到。

还行,0,俗套

还行,0,感觉有点失望

还行,0,或是一日为师的责任，或是对人才的惺惺相惜，或是对科学的敬畏，汤川表现出了情感不一样的一面，故事不复杂，叙事方式还是东野圭吾擅用的多线慢慢汇聚，揭露着不完美的社会

力荐,0,最后没有按钮

推荐,0,"总的来说，情节有些平淡。继汤川老师外，又出现了一个物理大神，但是这个物理大神相比于汤川好的是有一个小女朋友……
可能是这两天一直在看日剧，脑补着福山大叔和柴姐，感觉书里汤薰情节都多了不少。
汤川老师去了美国，是不是下一个案件就偶遇山岸尚美，东野宇宙？
石神的事情在汤川老师心里始终是一个坎，汤川不理解，但是他却在默默地改变，《盛夏的方程式》里他极力避免恭平收到影响，而在《禁断的魔术》这部里，他赌上自己的命运去拯救伸吾。"

还行,0,没有阴谋，没有推理，平平淡淡

还行,0,四十多块的书像是简单的一集日剧 看了上句能知道下句要讲什么

还行,0,这部小说基本没有什么推理了，不过，更喜欢汤川老师了，一个三观很正，很有责任感的科学家

还行,0,立意很好啊无可厚非，和平和发展确实是新时代的主题啦……但总觉着差着点什么，内容和人物都塑造的都很普通，除了主角光环的伽利略……还是最喜欢薰！

力荐,0,觉得挺好看

推荐,0,所以汤川去干嘛了呢？

还行,0,刚开始由于要介绍人物，时间线写的有些乱，所以导致没有很认真的看进去，但是越看到后面越想了解真相。这本书东野圭吾想表达的不再是人性的复杂，而是科学究竟给人们带来了什么样的影响。是好是坏无法从单一的角度去评判。

还行,0,短篇改长篇，情节略清淡

推荐,0,商业作品，整体普通，一贯的东野圭吾套路

还行,0,只要放弃一次，就会滋生放弃的习性，原本可以解决的问题也会变得无法解决。所以，别放弃啊

推荐,0,不说大道理，没能报仇还是挺遗憾的，这样大的仇恨让伸吾怎么能够轻易放下，尤其是对方还是这样一个说不定以后会平步青云的公众人物。不过姐姐非常自负地自己选的路，她也算是咎由自取吧…

还行,0,后面知道故事发展了就没什么意思了

力荐,0,一度让我以为自己有了超能力的书，结果发现原来以前看过了。。

推荐,0,汤川汤川

还行,0,仍旧一样的惊心动魄，一样的峰回路转，最后给人一个的清晰、简单的故事回味无穷。

还行,0,反正东野大叔写作就跟吃饭一样，随随便便也能写个故事出来，羡慕并崇拜他的头脑里有那么多想法，虽然有时候这些将这些想法成文也感觉有点太草率，比如这本书，但总之因为他是东野圭吾，我还是舍不得不看啊

力荐,0,还不错吧！最终能回头还是好的

推荐,0,果然是有血有肉的汤川老师

力荐,0,《猛射》的扩展版，还蛮精彩的，伽利略老师毕竟也是个有情感的凡人呀。。

还行,0,看的时候有想到以前看的电视剧《神探伽利略》，但是书籍描述出来的比影视作品更细致，对汤川的人设很满意，虽然有猜到部分故事情节但是里面对于环境跟科学的探讨以及科学的意义让人印象很深刻

还行,0,站在方所4个小时读完了

还行,0,嗯……一盘炒得一点都不香的冷饭

还行,0,扩充成长篇的《禁断的魔术》有点平庸，还没有原本中篇的《猛射》精彩。有点失望。虽然还是依旧喜欢汤川教授。

还行,0,越看越熟悉，还以为我看过被翻拍的电视剧，实在按捺不住去查了一下才发现原来禁忌的魔术里，被扩写的猛射。可能东野圭吾觉得当时有遗憾，希望能够对汤川学多一些书中的历练才又重新写了一下吧，不过由于剧情没有大的变化，对于已经看过短篇的人，有些不温不火

还行,0,2019.12.22

力荐,0,挺一般的把

还行,0,争辩的双方究竟谁是对的，该帮那一方？东野的问题总是有些不经意

推荐,0,这篇结尾略仓促。

还行,0,超喜欢汤川

还行,0,今日读完.  就是一个小故事. 物理少年报仇被教授发现即使挽回的故事.  东野这个系列还没有看过  . 白夜行在我心中无可替代 . 看完这篇继续看看伽利略 

还行,0,无功无过 打发时间可以看看

较差,0,故事很平淡

推荐,0,同属于神探伽利略系列，无论是《盛夏方程式》中保护海洋，还是《禁断的魔术》中保护森林或者自然保护区，都涉及到环保主题，也涉及对于科技的正确认识，当然最深层的还是回归到人性的思考上，人与人之间的勾心斗角，人与人之间关系的冷漠恶化，当然也有互助和关爱，不过，令我比较惊讶的是，作为一个作家，书中对于物理学相关知识的描写，东野圭吾也有所涉及，不知真假与否，如果是正确的，倒也着实令人惊讶。——2019年元旦

还行,0,还是很符合东野大神的风格...不过悬念没有那么深？莫名感受到了汤川的人格魅力

推荐,0,结局有些俗套但我喜欢

推荐,0,这个故事没那么烧脑，比较简单。比较喜欢内海熏，她很聪明，还是她发现了录音笔里面的手机铃声，才发现胜田才是杀害长冈修的凶手，其他警察感觉一般般了。

较差,0,不就是扩写嘛… 不知怎么的，有点失望

还行,0,很简单的小故事，政治因素也只是简单的应用，没什么悬疑和推理在里面，不过东野圭吾的小说读起来还真是一如既往的顺畅。

还行,0,说实话，看了至少有20多本东野圭吾的书后，这本书我不是很喜欢，剧情并不是很吸引人。

还行,0,剧情很一般

推荐,0,某科学的超电磁炮……

推荐,0,汤川学 人生梦想no. 1

还行,0,不知道为什么，始终无法喜欢上汤川。

还行,0,开头一下子给好多信息，还都是留下谜团需要后面来补齐的出来，于是我开头就被搞得头昏脑胀了哈哈哈哈

推荐,0,掌握了科学的人就能征服世界，这是让大家变得幸福的咒语啊

还行,0,为什么东野的书套路都一样了 人物和叙事方式也还是爱跳跃着写 但感觉这本很适合拍成电影 

还行,0,刚看完了一个母亲的复仇，再看完了这本书……作为一个普通人，我无法理解大贺为何依旧能在首相之路平步青云。整个结局意难平，却又在情理之中。现实生活中就是有这么多无奈，你无法改变世界，却能改变自己

还行,0,《神探伽利略》新一章，虽然没有惊天动地的翻转，但依旧充满东野圭吾的细腻情感。东野粉丝值得一读。

推荐,0,"看之前几章的时候，每次都会特别舍不得这章结束，因为下一章又是无厘头给线索的一章。但越到后面，却越希望新的一章出现，将前面的线索串联起来。

汤川老师的魅力很大，也是一位很正直很具个人色彩的人。内海的直觉总是如此准确。虽然大贺议员没受到惩罚，反而更让小说真实了。古芝，有他的执著吧，却还保留了善良。不然不会在最后放弃。"

推荐,0,是禁忌魔术的扩写，已经看过短篇的知道作案手法和凶手了，但是写的还挺好看的。感觉东野圭吾最近的书写的就像剧本一样，影视化之心挺重的。终于看完了，整体上跟短篇差的不多，但是细节饱满了很多。汤川学越来越有人情味了，有时候都想不起来第一本小说里那种感觉了。科学原理讲的越来越少，基本变成了基于科学的犯罪手段。希望还能看到改编成真人版吧

推荐,0,啊，只能说，看过短篇了，这篇就。。。感觉略显平淡了哈哈哈

还行,0,没有想象中的好

还行,0,能及格都算给东野圭吾面子了，而且神探伽利略系列在嫌疑人X火了以后现在有些出版社直接封面上改叫嫌疑人X系列了

推荐,0,东野圭吾的小说不仅仅是简单的侦探小说，在破案的同时体现更多的是人性，亲情、爱情还有人性中丑陋骇人的一面，在注重案件推理的同时更关注人心里的想法，这部的结束告诉我们科技是用来帮助人类进步的，即使有再深的仇恨，一个天才也不应该将其用来害人，人性本善，可是遇到一些事情难免误入歧途，作为一个老师的责任就是帮助他走上正途。闲来无事可以看看，自然是比不过四大经典的。

还行,0,秋穗会喜欢大贺这种男人？东野是认真的？？结局是大贺这方居然没付出任何代价 东野是在反讽现实还是认真的？？？我感觉三观受到了冲击  🙄口区 

还行,0,"第一次觉得看小说跟2倍数似的，很快就看完了，没有起伏没有反转中规中矩，乏善可陈。看了太多阿婆，觉得最近的东野好没意思，快产快销的结果么，大概对东野的期待太高？
"

推荐,0,"科学究竟是好是坏，要看掌握它的人用它来干什么了。
我真的是特别吃东野大叔把故事打散成一个个碎片然后在后面连接拼凑起来的这个套路。"

推荐,0,打call汤川……

推荐,0,东野的故事感觉推理性越来越弱了，不过我还是非常非常喜欢汤川

很差,0,之前的短篇还挺好看的，拉长了怎么写的这么烂！

还行,0,12. 为数不多的不太喜欢，一开始断断续续的叙述，看着还有点心累。我真的相信汤川会按下按钮

还行,0,只是相对其他东野圭吾的书来说，我感觉没那么好看。

还行,0,看完伽利略之后，在看这本，对于汤川就不会很陌生～怎么说呢，总体观感不错，但觉得意犹未尽，但觉得这个结局很算既完美又现实

推荐,0,剧情不够精彩，套路还是相同的味道。普通人在政治面前是苍白的，政治是丑陋的。

较差,0,心理险胜，伦理战胜痛苦。有的罪，法律根本无法制裁，所以才会有人选择复仇。

还行,0,一般般吧，可能看完这本就不是很想再看东野圭吾的书了

还行,0,东野小说里，最喜欢的其实就是汤川系列。但这本略显失望。可能因为是扩写的原因吧，故事讲述比较平，没那么吸引人。

推荐,0,虽然教授还是一样神，但是剧情真的倍感失望…

还行,0,让人如释重负的是谷芝最后没有犯下大错，可以重新开始。发现汤川学很适合做思想工作

还行,0,"在这里，汤川学就是个纯粹的物理老师，而不是伽利略神探；议员就是议员，不会轻易因为记者和所谓的团体丢掉性命和地位，一切都是那么现实。

只是，对于东野圭吾来说，这本书的亮点只有这个而已。叙事和布局都缺乏亮点，更别说《恶意》那样的立意。"

还行,0,竟然是炒冷饭，结局太仓促啦

力荐,0,"挺精彩的，一直喜欢申午，单纯而认真的男人，真的招人喜欢，更别提女人了。

男人是靠着博学多才的知识，认真的做事态度，单纯的思想，吸引女人得吧。而不是看着巧言善变的那张嘴。

东野的亮司，石神，申午是我学习的榜样。加油。"

还行,0,科技落入恶人之手，便成了禁断的魔术

还行,0,挺平淡的一本，主要是来看教授的

还行,0,在这本书中，可以看到物理天才汤川破案的过程中    加入了人性，  “不再是小说中的棋子，而是成了有血有肉的“人”。”

推荐,0,"这是由曾经的一部短篇加以填充和润色的新作
套路，风格都是熟悉的东式推理。
第二次汤川教授以上帝视角出现。
这个人物虽然迄今为止所有的描写都是正派的，但我却始终有一种莫名的厌恶。永远都是先人一步但却什么都不说，牵着所有人的鼻子走。但这次的故事，第一次让我觉得这个终年站在神坛的中年人有了老父亲般的感觉。
通过描写，我觉得汤川可能就是东叔本人的缩影吧。
我为反派没有得到应有的报应而愤慨。没有得到报应可能也只是因为政客的身份为他提供了无形的屏障吧🤷♀️"

还行,0,关于仇恨。 读的时候脑海自动带入剧版汤川学

较差,0,汤川在系列中的改变不能被理解为作品的升华，可以说这个系列与加贺系列无法比较，放不到一个台面上。很久之前便觉得一个非古典型推理小说作家随着时间的流逝，他的作品会越来越糠，情感和精致的故事创作可以看作是与纯推理创作两种不同的思维来源，在日积月累大量思考推理段落的前提下，头脑形成的是一种理性化的可再生的资源库，而关于情感上的储存，不是经历的越多释放的就越多的，它好像深埋地下千尺的石油，历经风雨，真正拿出来用的时候却很难时时令自己满意。我改变之前对东野思路“枯竭”的评论，情感的宣泄很难让自己满意的时候，不该安慰自己吗？

还行,0,所谓放弃，应该是那些上了年纪的人做的事，世界上没有你们这些年轻人无法理解的事。只要放弃一次，就会滋生放弃的习性，原本可以解决的问题也会变得无法解决。

还行,0,“所谓放弃，应该是那些上了年纪的人做的事，世界上没有你们这些年轻人无法理解的事。只要放弃一次，就会滋生放弃的习性，原本可以解决的问题也会变得无法解决。”这是本书里我最喜欢的一句话。大概禁断的就是这个吧，告诫自己。

较差,0,很一般

推荐,0,汤川老师真的会替弟子杀人吗？

还行,0,日本的高中理科生社团活动都开始玩磁轨炮了? ˙口˙ 当故事的吸引力不够时就会去钻这种牛角尖

还行,0,把一个短篇改成了长篇。

推荐,0,妈的虐死我了 但我还是要说汤草是真的

还行,0,汤川就是披着物理学家白袍的加贺

还行,0,好了东野老师，我们知道你是机械工程专业毕业的。但是这书太墨迹了吧，全篇就是一个男孩在汤川的指导下完善了一个致命武器用于给对他姐姐见死不救的议员情夫的复仇，本来还期待结尾会有大反转，也没有。

较差,0,故事单薄，案件乏善可陈。电磁炮的老梗了无新意，最大的悬念似乎只是伸吾在哪里发射而已。

推荐,0,认为还不错的一本书，至少看起来没有那么的寡 也很吸引人

推荐,0,和《沉睡的人鱼之家》一样，与其说是一本侦探悬疑小说，里面探讨的“科学和人性”更值得去思考。伽利略老师一如既往充满了魅力。小说本身就值3星，但汤川和古芝最后的对话，我愿意再给1星。

还行,0,"据说是东野圭吾从一篇短篇扩写而来。
情节没有什么惊喜，主旨也没有偏差，算是平庸的一篇。
唯一不解的是伸吾的姐姐怎么看上了议员"

还行,0,没啥推理的内容，最后议员也没啥了，有点无聊

还行,0,隔了好久重读东叔的小说，一如既往地流畅，不过感觉人物刻画有些单薄，犯罪动机和整个故事脉络没有达到推理悬疑的及格线。但是最后对科学的描述还是值得我们更深去探讨的

较差,0,看评论才知道是之前一个短篇的扩写，诶…东野确实是个写故事的好手，故事很适合电影化

还行,0,没法读学术书的时候就看东野圭吾的小说，作者是个实实在在的理工男

还行,0,这一次，汤川老师给我上了一节人生课！如何看待科学，如何做一位科学家。刚考上大学的伸吾为了给姐姐报仇改良了磁轨炮，正当他要按下发射键时，汤川修改了控制程序挡在了前面，只要伸吾发话，就由汤川来发射，因为这是他自作自受，是他没有教授弟子科学正道的惩罚！汤川迷弟！

还行,0,第一次觉得伽利略不是单纯的从旁分析案情了

还行,0,"比起叔的前几本经典制作
这本过于单调了
没有什么能吸引人看下去的部分
我爱汤川"

还行,0,一个经典作品应该包括以下要素：悲惨的人生、刻骨铭心的爱情、跌宕起伏的情节、错综复杂的人物关系，这本书简单涉猎吧，概括起来四个字：乏善可陈

还行,0,看了书名，想不起来内容，看了书评，想起来一点，到底是我读书不认真，还是故事太平庸？

还行,0,很早之前出版的短篇集中《猛射》拿出来扩充后的新作。好奇心驱使下先重读了短篇才开始看这本书的，主线剧情上甚至连个别文字好像都没怎么改过，所以读起来因为对后面发生的事情全都熟悉而总溜号。所谓的汤川的重头戏也没看出来，反倒是增加了一些议员的心理稍微让剧情接了点地气。感觉东野大叔这次扩充有点儿多余了……

推荐,0,"省个茶钱 看本书呗[呲牙]
东野圭吾真的是个高产的作家
又是一部神探伽利略的系列作品 
不算好的推理小说 
但有最好的汤川学教授
学会数理化 走遍天下都不怕 
结局很真实"

还行,0,比起之前的几部经典之作，这部的确有些单薄了！

较差,0,不得不感叹，东野圭吾要么等是江郎才尽了，要么是圈钱上瘾了，难以想象，这是近年的作品，毫无亮点可言，纯粹是浪费时间的阅读

推荐,0,汤川老师最有血有肉的一次

推荐,0,期待值以下，其实就是天才物理少年复仇未遂的故事。拉上了汤川学和一堆警察政客。汤川一贯冷静的待人风格有了裂痕。结果太仓促，还有为下一部做铺垫的嫌疑。

力荐,0,依旧是我钟爱的伽利略系列。在面对自己欣赏的学弟，汤川还是流露出了内心最柔软的部分。大爱汤川！！我在看书的时候 还是会代入福田雅治的脸，嘻嘻

还行,0,开始是一系列让人摸不着头脑的片段。最后汤川一句“笔状录音笔”直接让案件水落石出。。。是什么支持着他对伸吾的信任？

还行,0,被吹成伽利略系列中最棒的……不知道是出版社在圈钱还是东野圭吾……

还行,0,单薄的不像是东叔的小说，故事线简单的从中间就能明白，不过主题还是不错的，看看消遣。

推荐,0,只是希望伸吾能够继续学业，在科学事业上有所成就

推荐,0,虽然我是东野圭吾迷，但他的小说我并没有全部看完。这本书是在书店看了一点，然后在手机app上借了这本书看完的。开头一些章节有些乱，不过能吸引我读下去。

推荐,0,越看越觉得熟悉，但有些部分又明明是没看过的，还以为自己的记忆力出毛病了。结果一查，还真是旧篇翻新的，有点无语。不管怎样，汤川还是喜欢的。

还行,0,我对表现的“科学不能作为杀人工具”这个主题没有任何意见，对推理的设定也没有任何意见。只是每次日本人描述核武器都要归类于反人类，自己受到伤害这个主题感到既恶心又被冒犯了🙂

推荐,0,或许这就是东野圭吾的一贯作风吧，前十节都没多大联系的，到了后面竟然可以串成一条线，随着故事情节的步步推进，还是能够体会到推理带来的刺激和趣味。掌握科学的人就能征服世界，虽然这思想很危险，但足够霸气。

推荐,0,不知道为什么，看到一半时我就猜到剧情大致走向了⋯⋯（除了杀长冈那一段）

推荐,0,emmmmmm    不很特别

还行,0,感觉汤川学好可怕 连人性都可以说算计就算计

推荐,0,有一本东野圭吾的书，还是熟悉的味道，虽然最后没有太多的剧情翻转，也没有大快人心的结局，但是这本书看到最后有一丝温情，或许美中不足也是一种不错的结尾吧。

还行,0,感觉一般般

较差,0,真的，看完这本书我觉得自己后悔了，这本书的情节冗杂，完全可以用更简短的篇幅来写，还有，汤川的人性描写得也不怎么深刻。这本书要不是贴的东野圭吾四个字，我怀疑根本没人买，最后，我觉得这本书不值得花了我近50块

还行,0,作案手法 推理 犯罪动机都比较简单好猜的一本

还行,0,故事流畅，但过于平淡

力荐,0,感觉是不是有续集啊？还有汤川去纽约干嘛？然后呢？每次看他的书都有一点摸不清头脑，思维太具跳跃性了，跟不上😂😂😂

较差,0,东野圭吾脑残粉也表示这本书实在乏善可陈，冗长无趣。

推荐,0,刚开始只是介绍一些现象，让人看的云里雾里，后面慢慢剖析、介绍，让人恍然大悟～前面看的差点放弃，好在坚持到了最后！终于看完了

较差,0,很平淡，逻辑有点生硬

推荐,0,不得不说  东野圭吾老师写的推理小说我都可以认认真真的读完。太厉害了(ง •̀_•́)ง

还行,0,写的乏善可陈，一本收敛锋芒的作品

推荐,0,会觉得叙事上简单了一些，里面的汤川让人更觉真实。但古芝伸吾最后的选择其实有些唐突，不过没有神仙化汤川。东野圭吾在一贯对爱做文章上，应该是想引起我们更多的思考科技的现代化运用吧，我们对科技的应用底线究竟在哪里？越高端越前沿的技术，越少的人掌握，收到的约束和限制越少，那么对这些技术的规范，难道只能依靠使用者自身的道德觉醒吗？

还行,0,完全就是以前一步短篇的扩充版啊，大叔这冷饭炒的，不得不给个差评啊。多亏是用SKP的图书券买的，不过依然后悔应该在SKP新开的那么棒的书店里换本更好的书。

还行,0,不明所以的情节插入……。  多加一星给最后汤川的温暖 

推荐,0,kindle上看的，被漂亮的封面和东野奎吾的大名吸引而来。故事挺好看的。话说我当年可喜欢福山雅治演的汤教授了。

还行,0,比起白夜行放学后对人性的剖析，这本书显得过于单薄。结局我个人也不是很满意，恶人没有付出代价，这或许也是一种社会的投影吧。

还行,0,科学技术的发明不应该是令人性扭曲的帮凶 / 坐在高高位子上的人依旧潇洒

还行,0,对东野大叔的作品也是不怎么挑，但其实不算太出色

推荐,0,这是我看的第二本东野圭吾，相比于看完《白夜行》的压抑感，看完《禁断的魔术》后可谓是如释重负，善良的人最终得到了救赎！虽然科学应当被正确的使用也是本书的主题之一，但这一主题和文章的线条连接的太过生硬，通过利用古芝君父亲的例子进行说理的方式也无法让我感同身受！

还行,0,只要放弃一次，就会滋生放弃的习性。

还行,0,没有太大的悬疑，汤川还是很厉害的，科技请被善待、利用好

推荐,0,一本推理小说 男主寻找姐姐的死因 从报仇到放弃报仇 很久之前看的 忘了男主姐姐的死因

还行,0,才华也是有保鲜期的吧？东野大大的作品，自《白夜行》和《嫌疑犯X的献身》之后，再无惊艳感。

还行,0,在前往南京游玩的两天时间了完成了这本小书。总觉得东野圭吾的书越来越没劲了，故事的格局太小了，不过庞大，无法让人入迷。

较差,0,气死我 写成这样还有什么好看的么

推荐,0,"讲的是一个女人独自在酒店离奇死亡，她物理研究社的弟弟伸吾准备使用电磁炮帮姐姐报仇的故事。其中参杂调查建设新区的环保记者在家中被勒死，大贺议员就是放任姐姐大出血死亡的恶人，而帮助伸吾做电磁炮的老师，最终阻止了这场复仇时事件的发生。

这个结局虽然很现实，但是也很难接受吧，伸吾没有报仇成功，大贺议员没有得到惩罚，依旧平步青云。

喜欢里面的一句话：只要放弃一次，就会滋生放弃的习性，原本可以解决的问题也会变得无法解决。

不推荐，可以无聊时看看就行了。"

较差,0,不如汤川的其他短篇小说好看哦

推荐,0,汤川挺有人格魅力的，但是这个故事除了写作手法上有点故弄玄虚之外，情节实在太简单了，也没有打动人心的情感

还行,0,"日文名字好拗口，读不出他们的名字就好像自己不曾认识他们。
心里有两匹狼，看你去喂养谁。"

还行,0,这部写的一般 没有波澜起伏的情节 平平淡淡 

还行,1,被这本很精美的封面吸引的，觉得感觉一般。通常东野圭吾的套路，前面刚开始多线叙事，让人看着很无厘头，然后慢慢多线交织在一起，大吃一惊，每个人物都有关系，然后引向一个假结尾，最后快到结束的时候来个大反转，有那种被耍的感觉哈哈，这个个人觉得是个清浅的故事，要是说喜欢就是喜欢汤川教授的人设吧，让人喜欢。

推荐,0,结尾处的那句话“伸吾笑了。他有多久没有发自心底地笑过了？”我还挺心疼深吾的，自己花了那么久的脑力心力，最终付诸东流了。与她相依为命的姐姐却再也没有了呼吸，大贺也丝毫没受影响？很久之后他回想起姐姐惨白的遗容心里又会做何感受？掌握了科学的人就能征服世界，伸吾的笑是真的宽恕释怀了吗？全书最喜欢的部分是伸吾和由里奈的情感，好温暖哦。

较差,0,可能是期望太大，可能是译本翻译水平不到家，看完我真的是，，，平平无奇略带失望

较差,0,真的感觉东野圭吾在不断透支粉丝的期待，从放学后到现在，东野讲好一个故事的能力一直在进步，可他似乎已经没有好故事了...

还行,0,没有《恶意》和《嫌疑人X的现身》写得好。娱乐一下可以，推理一般般。结局最好是汤川干了大贺才过瘾。有些地方牵强

推荐,0,"东叔的书还是要一本一口气读完！只是又默默一波熬夜真的不是本意QAQ
甚至有点不记得原版的短篇小说出自具体哪本小说集（反正我肯定是有的啦，就是这么蜜汁自信😌），但是即使有着“被剧透过”的反向buff在手，单靠阅读时对每位出场人物心理状态的揣测依然非常愉悦啊～更深入感受到了继汤川学大哥在福山雅治的颜值加持下进一步获得了“温情”技能，让我们掌声鼓励👏🏻👏🏻👏🏻
内海薰真是位靠谱的警界女性新人，温柔而有勇有谋的小姐姐啊。唯一略微残念（仅就我个人而言）的是演员长相不够心水。。但是，我一定会尽快习惯的(ง •̀_•́)ง"

推荐,0,"故事情节相对比较简单，也没有太大反转。但读完以后心里暖暖的。

人生漫漫，跌跌撞撞前行时，总会不经意间在纷扰中迷失自我。身边有位懂你的人真好，有个能帮你重燃初心不走偏路的人更好。

"

推荐,0,一直很喜欢伽利略系列，是看电视剧喜欢上的汤川教授。嗯，福山雅治就是教授本人了！这本书篇幅不算长，读起来也是不错的。如推荐所说，这次的教授多了一些人性。

力荐,0,越来越喜欢汤川教授了

还行,0,放在所有作品里也就是个中下水平吧，而且作为一个汤草cp粉我其实想给一星……是我伽利略系列漏了哪本没看吗？？？汤草之间尴尬的气氛是发生了什么，我遗忘了什么重要的转折点吗？？？？？？

还行,0,四月只看了这一本书，看过的东野圭吾里最平平的一本，开头就猜到结局，都怀疑是不是他亲自执笔的

较差,0,看到开头就猜到结果的小说，虽然知道作者想说什么，但……

还行,0,3星少了4星多了的尴尬境地。果然，政治家都是冷血无情的。

很差,0,真的烂啊。很难想象这是我过去喜欢的伽利略系列。东野圭吾江郎才尽恰烂钱

推荐,0,怎么说呢～感觉很现实，觉得结局因为太现实而残酷～

推荐,0,其实能得到一个人全部信任，很幸福

还行,0,整体就是能读下去，写的还行结尾感觉有点仓促

还行,0,一般般。

力荐,0,情节紧张刺激，内容精彩，充满人生哲理。

推荐,0,忘记什么内容了……

还行,0,看着没什么感觉

还行,0,故事

还行,0,故事过于简单

还行,0,作案手法有些科幻。打着更加有血有肉的汤川学的名号，最终呈现出来的还是那个被塑造的全知全能多智近妖，却不近人情的令人讨厌的伽利略。

还行,0,一般般，又无聊又没什么反转，对汤川描写也不够，没体现出所说的人情味。

还行,0,《禁断的魔术》ed。消磨时间啦....我对汤川这个人物完全不来电哦，可能是我对福山雅治不太来电...我们加贺警官就吸引多了！我打三星最多了...每次这种故事我都觉得是“东野圭吾写作室的写手”给写的吧...把磁轨炮说的那么有条有理...东野为什么什么领域都能写上几笔，绝对是写手！ 

推荐,0,"可能剧透
所以真正的坏人依旧在逍遥法外，没有得到惩罚，这恐怕是这部小说最大的悲哀点吧。
汤川在最后关头，唤醒了伸吾 ，可谓是悬崖勒马
伸吾的姐姐为什么要当那个政客的情人？恐怕更多是为了他的弟弟。
在做事情的过程中有了第一次放弃 就会有第二次，人走下坡路很容易，踏出一步，就会顺着走第二步。"

推荐,0,掌握了科学的人能征服世界。每当想起核武器、地雷之类的东西，这句话便被赋予了完全不同的意义。

推荐,0,一贯东野圭吾的风格，从几个看似无关的关系中行文过半，在慢慢的将人物之间的关系梳理并展示出来。确实如作者所言，将汤川老师变得更加富有人性。很好的一部作品，但感觉没有嫌疑人和圣女那样惊艳的感觉。

还行,0,比较平淡。

还行,0,"除了没想到杀死长冈修的凶手，一切情节的发展都在意料之中。不过这小说的主题也不是悬疑探案，而是在说科技的善与恶取决于运用者的人心
总有种曾经看过这小说的熟悉感，不知道是不是曾经看过忘了"

力荐,0,"《禁断的魔术》–东野圭吾
此次的故事没有以往的惊天动地的反转，可主题却是和今朝的科学发展挂钩。

看了这么多人关于这个主题的写作，心中也难免会对如今高速发展的科技产生它到底是福还是祸的疑问。但每次这些疑问都会化为挣扎，和一种无力感。好比知道宰杀动物的无情，却还是控制不了要吃肉的欲望。作为现代人，我无法拒绝科技发展带来的好处和享受，可我也同样忧心有一天人类的这些聪明之作会最终导致我们自己与自然的覆灭。

哎。
人性太复杂，我亦是人。

(PS.我现在一度怀疑东野圭吾他是不是个披着悬疑小说家这层外皮的人类社会学家!!!毕竟他的每本书里的主题都那么恰到好处的凸显出人性和社会的弱点，肮脏之处，又通过书中人物的命运来完成最后的救赎，所以每次读他的书虽心有愤恨，难以置信和恐惧，但从未有过绝望。)"

较差,0,2019. 12

还行,0,非常一般般

还行,0,我连推理的标签都不想打

还行,0,在钟书书店看完全本，用时40分钟。快速扫完没有任何违和感。东野君最近的基本书都有点水。

力荐,0,平庸…

还行,0,加贺

推荐,0,害，扩写我西皮be，我真是恨得慌。汤川用自己的名誉和生命威胁警方威胁草薙？！这是什么新品种的渣男？！

还行,0,诡计普通推理普通情节普通，什么都很平庸的一本伽利略，唯一值得称道的可能只有叙事方式和最后的主题。

还行,0,篇幅不长，很快就能看完。看了开头几篇，就能预想到结局，只是看下去是对里面每个角色的探究，探究他的行为背后所蕴含的故事。整体还不错吧…

还行,0,。。。嗯第二本东野大大的书！只能说我完全GAI不到他的点，不是非常喜欢看的类型。明明我最爱犯罪和破案了但真的没有GAI到。

还行,0,量产之作

推荐,0,有点失望，在推理上不是最好，但讲述了许多人生道理，还是有收获的。情节嘛，一步步发展得，总之，完全能猜出来。

推荐,0,续《嫌疑人X的献身》，又见汤川教授。花了1周多时间看完，大概是每晚12:00~1:00，这个时间点很适合，睡不着，看着看着就睡着了!!!

还行,0,清水煮白菜

推荐,0,见死不救之人没有受到任何惩罚，不过汤川老师很值得让人敬佩。人生路很长，跌跌撞撞前行时，总会在不经意间迷失自我，身边有位懂你的人真好，有个能帮你重燃初心不走偏路的人更好。

推荐,0,汤川这样的人真的是宝藏啊，被他教过的人感觉都太幸运了，他是真的热爱啊。

力荐,0,东叔越来越走温情故事路线了

力荐,0,不愧是我最爱的伽利略系列。这次的故事，面对自己欣赏的学弟，还是展现了汤川老师内心深处柔软的地方

还行,0,"这本是目前看过这么多最逊色的一本，没有反转没有惊喜，结局太匆忙不够饱满
"

力荐,0,好的，从此我将无条件支持科研事业 

还行,0,探讨物理学天才的改进作品_。人物情感不复杂，还行。

还行,0,毕竟东野的作品 细腻 看得舒服 但情节简单了些 前半段就知道是涉及物理学的案子 书的中后段就基本讲清了案件 没啥推理解谜 有点失望 不过故事结构完整 当作一本茶余饭后放松的故事来读吧

力荐,0,湯川學！！有血有肉

较差,0,这空洞粗糙的剧情很难接受。

推荐,0,依旧选择了我喜欢的东野圭吾的作品，依然很喜欢。让我对人性有了更深的思考，世界本是简单的样子，但人的欲望让世界变得浑浊。让我印象比较深的一个角色——胜田，为了自己的利益参加了反对运动，又为了自己的利益背叛了朋友，甚至还杀害了长冈，一个自顾自己的一个角色。古芝秋穗和大贺的爱情，我觉得是爱情，让我唏嘘不已，我更向往平平淡淡的爱情，他们的爱情背负了太多的东西，而由里奈的爱情是付出，是无怨无悔的帮助，即便古芝伸吾是错的。学生对老师的尊敬，老师对学生的帮助，师生关系随着剧情的发展，让我感动。人本是的善良的，是懂得感恩的，但是时代的改变，不知道，是什么迫使这些美好的发生了改变。最喜欢的是：只要放弃一次，就会滋生放弃的习性，原本可以解决的问题也会变得无法解决。我明白，这只是单纯的心灵鸡汤，但是这句话激励了我

还行,0,这是我最近读的一本东野的小说，我只记得高科技了。留下的印象并不是很深刻。

推荐,0,作为没读过之前短篇的人来说算是占了个便宜

还行,0,伽利略系列已不复当年，加一星给可能看到的又一部电影版汤川学。

还行,0,"亮点：探讨了科学的双刃剑 故事中有人文关怀（弟弟的父亲part）
个人觉得不太满意的地方：剧情有点单薄，有些人设不够立体（比如姐姐） 以为会有反转然而并不
结论：可以一读 不费脑力"

推荐,0,汤川真是让人吃惊。

还行,0,剧情推理有点单薄，看开头还以为又是假面饭店系列。

推荐,0,没有写坏人的下场，不爽。

较差,0,没有推理，就是在讲述一个故事，索然无味。。。

推荐,0,有丢丢烂尾，看在汤川老师还是很帅的份上，打8分吧

较差,0,114

还行,0,简直了、对得起东野圭吾这四个字吗？

较差,0,感觉像是什么有教育意义的故事，并不像推理（。

还行,0,50页的短篇写成300页的长篇，东野老贼也网文化了，昏昏欲睡的一本小说

力荐,0,本来看着这个书名和开头的内容一点点引人入胜，是不错的题材，但最后结局没有任何新意，没有灵魂的对撞，没有关键人物的死亡，没有引发我任何的思考，看完觉得空虚的一本书，给3分吧，除了结局，内容还是充实的，封面也还不错。

推荐,1,书写的很好啦，但单单把禁忌魔术最后一个短篇拿出来，还扩写了，这个是神马操作？？？！！！真心好迷。。。

力荐,0,"科学技术是双刃剑呀，关键在于使用者。
秋惠是个迷，大贺心狠，汤川是个以德以情教化学生的好老师。"

